"	O
UNESCO	Text
UniversAbility	Text
Audit	Text
The	Text
audit	Text
below	Text
will	Text
help	Text
you	Text
to	Text
get	Text
a	Text
sense	Text
of	Text
your	Text
organisation's	Text
representativeness	Text
of	Text
the	Text
community	Text
in	Text
which	Text
it	Text
is	Text
located.	Text
Ideally	Text
any	Text
organisation	Text
would	Text
reflect	Text
the	Text
demographics	Text
of	Text
its	Text
setting	Text
e.g.	Text
gender,	Text
age	Text
and	Text
ethnicity.	Text
In	Text
this	Text
instance	Text
we	Text
are	Text
interested	Text
in	Text
the	Text
relevance	Text
of	Text
your	Text
organisation	Text
to	Text
people	Text
with	Text
disabilities.	Text
Please	Text
consider	Text
the	Text
following	Text
questions	Text
and	Text
identify	Text
your	Text
level	Text
of	Text
agreement	Text
with	Text
the	Text
statement	Text
Strongly	Text
Disagree	Text
Disagree	Text
Nuetral/	Text
Don't	Text
know	Text
Agree	Text
Strongly	Text
agree	Text
Section	Form
1:	Form
Verification	Form
1	Form
2	Form
3	Form
4	Form
5	Form
I	Form
and/or	Form
my	Form
colleagues	Form
know	Form
where	Form
to	Form
get	Form
information	Form
to	Form
help	Form
us	Form
analyse	Form
the	Form
business	Form
case	Form
for	Form
consciously	Form
attracting	Form
people	Form
with	Form
disabilities	Form
as	Form
members	Form
I/my	Form
colleagues	Form
have	Form
researched	Form
the	Form
scope	Form
for	Form
increasing	Form
the	Form
participation	Form
of	Form
the	Form
broader	Form
community,	Form
in	Form
particular	Form
people	Form
with	Form
disabilites	Form
I	Form
know	Form
of	Form
disability	Form
service	Form
providers	Form
that	Form
I	Form
could	Form
link	Form
with	Form
in	Form
the	Form
local	Form
community	Form
My	Form
colleagues	Form
and	Form
I	Form
make	Form
our	Form
services	Form
inclusive	Form
to	Form
provide	Form
for	Form
people	Form
with	Form
disabilities	Form
Section	Form
2:	Form
Value	Form
Proposition	Form
1	Form
2	Form
3	Form
4	Form
5	Form
My	Form
colleagues	Form
and	Form
I	Form
have	Form
a	Form
significant	Form
contribution	Form
to	Form
make	Form
to	Form
the	Form
quality	Form
of	Form
life	Form
of	Form
people	Form
in	Form
our	Form
community,	Form
including	Form
people	Form
with	Form
disabilities	Form
My	Form
colleagues	Form
and	Form
I	Form
have	Form
the	Form
scope	Form
to	Form
improve	Form
opportunities	Form
for	Form
participation	Form
in	Form
fitness	Form
activities	Form
for	Form
people	Form
living	Form
in.	Form
or	Form
visiting	Form
our	Form
community,	Form
including	Form
people	Form
with	Form
disabilities	Form
The	Form
benefits	Form
of	Form
increasing	Form
our	Form
UniversAbility	Form
to	Form
increase	Form
participation	Form
are	Form
clear	Form
My	Form
colleagues	Form
and	Form
I	Form
play	Form
a	Form
major	Form
role	Form
in	Form
providing	Form
health	Form
services	Form
to	Form
the	Form
entire	Form
community,	Form
including	Form
people	Form
with	Form
disabilities	Form
The	Form
UniversAbility	Form
of	Form
our	Form
fitness	Form
services	Form
increases	Form
the	Form
job	Form
satisfaction	Form
and	Form
turnover	Form
of	Form
my	Form
staff	Form
Section	Form
3:	Form
Vision	Form
1	Form
2	Form
3	Form
4	Form
5	Form
My	Form
colleagues	Form
and	Form
I	Form
envision	Form
ourselves	Form
as	Form
leaders	Form
of	Form
cultural	Form
change	Form
Which	Form
of	Form
the	Form
following	Form
statements	Form
best	Form
describes	Form
your	Form
situation	Form
within	Form
your	Form
organisation	Form
(Please	Form
select	Form
one)	Form
I	Form
and/or	Form
my	Form
colleagues	Form
have	Form
identified	Form
set	Form
targets	Form
for	Form
increasing	Form
the	Form
UniversAbility	Form
of	Form
our	Form
services	Form
and	Form
are	Form
putting	Form
strategies	Form
in	Form
place	Form
to	Form
achieve	Form
these	Form
goals	Form
I	Form
and/or	Form
my	Form
colleagues	Form
have	Form
identified	Form
scope	Form
for	Form
increasing	Form
the	Form
UniversAbility	Form
of	Form
our	Form
services	Form
I	Form
think	Form
there	Form
may	Form
be	Form
scope	Form
for	Form
making	Form
our	Form
services	Form
more	Form
inclusive	Form
but	Form
am	Form
not	Form
sure	Form
I	Form
have	Form
never	Form
considered	Form
making	Form
our	Form
services	Form
more	Form
inclusive	Form
until	Form
now	Form
I	Form
don't	Form
think	Form
making	Form
our	Form
services	Form
more	Form
inclusive,	Form
in	Form
particular	Form
for	Form
people	Form
with	Form
disabilities,	Form
is	Form
really	Form
an	Form
option	Form
for	Form
us	Form
but	Form
won't	Form
rule	Form
it	Form
out	Form
completely	Form
until	Form
it	Form
has	Form
been	Form
fully	Form
explored	Form
Section	Form
4:	Form
Philosophy	Form
1.	Form
Does	Form
your	Form
organisation	Form
have	Form
stated	Form
ideals	Form
in	Form
your	Form
strategic	Form
plan	Form
or	Form
other	Form
management	Form
documents	Form
which	Form
relate	Form
to	Form
the	Form
UniversAbility	Form
of	Form
your	Form
services?	Form
Yes	Form
No	Form
2.	Form
Do	Form
you	Form
think	Form
an	Form
inclusive	Form
philosophy	Form
is	Form
a	Form
lived	Form
experience	Form
by:	Form
a)	Form
Management?	Form
b)	Form
Staff?	Form
c)	Form
Customers?	Form
Section	Form
5:	Form
Policy	Form
1.	Form
Does	Form
your	Form
charging	Form
policy	Form
account	Form
for	Form
the	Form
varied	Form
needs	Form
of	Form
your	Form
customers?	Form
(e.g.	Form
No	Form
charge	Form
for	Form
personal	Form
assistants	Form
Yes	Form
No	Form
2.	Form
Do	Form
you	Form
track	Form
and	Form
monitor	Form
the	Form
proportion	Form
of	Form
your	Form
club	Form
members	Form
who	Form
experience	Form
disabilities?	Form
Yes	Form
No	Form
3.	Form
Have	Form
you	Form
a	Form
budget	Form
allocated	Form
to:	Form
a)	Form
Increasing	Form
the	Form
UniversAbility	Form
of	Form
your	Form
services?	Form
(e.g.	Form
Facilities,	Form
Equipment	Form
and	Form
Staff	Form
Training)	Form
Yes	Form
No	Form
Not	Form
needed	Form
because	Form
equipment	Form
is	Form
already	Form
fully	Form
accessible	Form
b)	Form
Increasing	Form
the	Form
UniversAbility	Form
of	Form
your	Form
policies?	Form
Yes	Form
No	Form
4.	Form
Are	Form
you	Form
familiar	Form
with	Form
the	Form
national	Form
legislation	Form
that	Form
relates	Form
to	Form
disability	Form
service	Form
provision?	Form
Yes	Form
No	Form
Section	Form
6:	Form
Processes	Form
1.	Form
Do	Form
you	Form
engage	Form
with	Form
disability	Form
groups	Form
in	Form
your	Form
local	Form
community?	Form
Yes	Form
No	Form
2.	Form
Have	Form
you	Form
forged	Form
any	Form
alliance/partnership	Form
with	Form
any	Form
disability	Form
organisation?	Form
Yes	Form
No	Form
3.	Form
Have	Form
you	Form
or	Form
your	Form
staff	Form
embraced	Form
any	Form
assistive	Form
tehnologies	Form
(e.g.	Form
Assist-Mi	Form
App)?	Form
Yes	Form
No	Form
4.	Form
Have	Form
you	Form
or	Form
your	Form
colleagues	Form
undertaken	Form
any	Form
research	Form
on	Form
making	Form
your	Form
service	Form
more	Form
inclusive?	Form
Yes	Form
No	Form
5.	Form
Do	Form
you	Form
encourage	Form
your	Form
staff	Form
to	Form
engage	Form
in	Form
customer	Form
satisfaction	Form
conversations	Form
with	Form
different	Form
user	Form
groups?	Form
Yes	Form
No	Form
Section	Form
7:	Form
Perception	Form
1.	Form
Do	Form
you	Form
gather	Form
information	Form
from	Form
your	Form
users	Form
on	Form
their	Form
beliefs	Form
about	Form
fitness	Form
being	Form
a	Form
fundamental	Form
right	Form
for	Form
all?	Form
Yes	Form
No	Form
2.	Form
Do	Form
you	Form
gather	Form
information	Form
from	Form
people	Form
who	Form
do	Form
not	Form
use	Form
your	Form
facility	Form
on	Form
fitness	Form
being	Form
a	Form
fundamental	Form
right	Form
for	Form
all?	Form
Yes	Form
No	Form
Section	Form
8:	Form
Programmes	Form
This	Form
section	Form
refers	Form
to	Form
programmes	Form
that	Form
you	Form
deliver,	Form
or	Form
support	Form
delivery	Form
of	Form
to	Form
conciously	Form
inclusivise	Form
your	Form
services	Form
1.	Form
Do	Form
you	Form
and	Form
your	Form
staff	Form
provide	Form
programmes	Form
specifically	Form
for	Form
people	Form
with	Form
disabilities?	Form
Yes	Form
No	Form
If	Form
Yes	Form
please	Form
complete	Form
the	Form
table	Form
below	Form
Disability	Form
Category	Form
YES	Form
Type	Form
(Segregated	Form
or	Form
Integrated)	Form
Physical	Form
Disabilities	Form
Intellectual	Form
Disabilities	Form
Sensory	Form
Disabilities	Form
Mental	Form
Health	Form
Difficulties	Form
2.	Form
Do	Form
people	Form
with	Form
disabilities	Form
use	Form
the	Form
gym,	Form
pool,	Form
or	Form
participate	Form
in	Form
group	Form
activites	Form
etc.	Form
alongside	Form
other	Form
members?	Form
Yes	Form
No	Form
If	Form
Yes	Form
please	Form
complete	Form
the	Form
table	Form
below	Form
Disability	Form
Category	Form
YES	Form
Type	Form
(Segregated	Form
or	Form
Integrated)	Form
Physical	Form
Disabilities	Form
Intellectual	Form
Disabilities	Form
Sensory	Form
Disabilities	Form
Mental	Form
Health	Form
Difficulties	Form
Section	Form
9:	Form
People	Form
1.	Form
Have	Form
you	Form
or	Form
sny	Form
of	Form
your	Form
staff/volunteers	Form
had	Form
training	Form
that	Form
facilitates	Form
the	Form
inclusion	Form
of	Form
people	Form
with	Form
disabilities?	Form
a)	Form
Operational	Form
(teaching/instructional	Form
staff)	Form
Yes	Form
No	Form
b)	Form
Management	Form
Yes	Form
No	Form
c)	Form
Front	Form
of	Form
house	Form
Yes	Form
No	Form
d)	Form
Stakeholders/	Form
Contacted	Form
staff	Form
Yes	Form
No	Form
2.	Form
Are	Form
people	Form
with	Form
disabilities	Form
employed	Form
by	Form
you	Form
organisation	Form
and/or	Form
represented	Form
on	Form
your	Form
steering	Form
committee/	Form
management	Form
committee/	Form
board	Form
of	Form
management	Form
etc.?	Form
Yes	Form
No	Form
3.	Form
Is	Form
there	Form
a	Form
member	Form
of	Form
staff	Form
allocated	Form
as	Form
a	Form
liason/point	Form
person	Form
for	Form
customers	Form
with	Form
disabilities?	Form
Yes	Form
No	Form
Section	Form
10:	Form
Physical	Form
Access/Place	Form
1.	Form
Have	Form
you	Form
or	Form
your	Form
colleagues	Form
carried	Form
out	Form
an	Form
audit	Form
to	Form
evaluate	Form
the	Form
UniversAbility	Form
of	Form
your	Form
facility?	Form
Yes	Form
No	Form
2.	Form
Does	Form
your	Form
facility	Form
(or	Form
the	Form
facility	Form
you	Form
use)	Form
consider	Form
the	Form
following	Form
disabilites	Form
when	Form
evaluating	Form
UniversAbility?	Form
Disability	Form
Category	Form
YES	Form
Physical	Form
Disabilities	Form
Intellectual	Form
Disabilities	Form
Sensory	Form
Disabilities	Form
Mental	Form
Health	Form
Difficulties	Form
Section	Form
11:	Form
Promotion	Form
1.	Form
Is	Form
your	Form
promotional	Form
material	Form
inclusive	Form
of	Form
people	Form
with	Form
disabilities?	Form
Yes	Form
No	Form
2.	Form
Have	Form
you	Form
or	Form
your	Form
colleagues/staff	Form
developed	Form
any	Form
promotional	Form
materials	Form
with	Form
the	Form
aim	Form
of	Form
attracting	Form
people	Form
with	Form
disabilities?	Form
Yes	Form
No	Form
Overall	Text
Comment	Text
on	Text
your	Text
organisation:	Text
","	O
UNESCO	Text
UniversAbility	Text
Audit	Text
","	O
UNESCO	Text
UniversAbility	Text
Audit	Text
The	Text
audit	Text
below	Text
will	Text
help	Text
you	Text
to	Text
get	Text
a	Text
sense	Text
of	Text
your	Text
organisation's	Text
representativeness	Text
of	Text
the	Text
community	Text
in	Text
which	Text
it	Text
is	Text
located.	Text
Ideally	Text
any	Text
organisation	Text
would	Text
reflect	Text
the	Text
demographics	Text
of	Text
its	Text
setting	Text
e.g.	Text
gender,	Text
age	Text
and	Text
ethnicity.	Text
In	Text
this	Text
instance	Text
we	Text
are	Text
interested	Text
in	Text
the	Text
relevance	Text
of	Text
your	Text
organisation	Text
to	Text
people	Text
with	Text
disabilities.	Text
Please	Text
consider	Text
the	Text
following	Text
questions	Text
and	Text
identify	Text
your	Text
level	Text
of	Text
agreement	Text
with	Text
the	Text
statement	Text
Strongly	Text
Disagree	Text
Disagree	Text
Nuetral/	Text
Don't	Text
know	Text
Agree	Text
Strongly	Text
agree	Text
Section	Form
1:	Form
Verification	Form
1	Form
2	Form
3	Form
4	Form
5	Form
I	Form
and/or	Form
my	Form
colleagues	Form
know	Form
where	Form
to	Form
get	Form
information	Form
to	Form
help	Form
us	Form
analyse	Form
the	Form
business	Form
case	Form
for	Form
consciously	Form
attracting	Form
people	Form
with	Form
disabilities	Form
as	Form
members	Form
I/my	Form
colleagues	Form
have	Form
researched	Form
the	Form
scope	Form
for	Form
increasing	Form
the	Form
participation	Form
of	Form
the	Form
broader	Form
community,	Form
in	Form
particular	Form
people	Form
with	Form
disabilites	Form
I	Form
know	Form
of	Form
disability	Form
service	Form
providers	Form
that	Form
I	Form
could	Form
link	Form
with	Form
in	Form
the	Form
local	Form
community	Form
My	Form
colleagues	Form
and	Form
I	Form
make	Form
our	Form
services	Form
inclusive	Form
to	Form
provide	Form
for	Form
people	Form
with	Form
disabilities	Form
Section	Form
2:	Form
Value	Form
Proposition	Form
1	Form
2	Form
3	Form
4	Form
5	Form
My	Form
colleagues	Form
and	Form
I	Form
have	Form
a	Form
significant	Form
contribution	Form
to	Form
make	Form
to	Form
the	Form
quality	Form
of	Form
life	Form
of	Form
people	Form
in	Form
our	Form
community,	Form
including	Form
people	Form
with	Form
disabilities	Form
My	Form
colleagues	Form
and	Form
I	Form
have	Form
the	Form
scope	Form
to	Form
improve	Form
opportunities	Form
for	Form
participation	Form
in	Form
fitness	Form
activities	Form
for	Form
people	Form
living	Form
in.	Form
or	Form
visiting	Form
our	Form
community,	Form
including	Form
people	Form
with	Form
disabilities	Form
The	Form
benefits	Form
of	Form
increasing	Form
our	Form
UniversAbility	Form
to	Form
increase	Form
participation	Form
are	Form
clear	Form
My	Form
colleagues	Form
and	Form
I	Form
play	Form
a	Form
major	Form
role	Form
in	Form
providing	Form
health	Form
services	Form
to	Form
the	Form
entire	Form
community,	Form
including	Form
people	Form
with	Form
disabilities	Form
The	Form
UniversAbility	Form
of	Form
our	Form
fitness	Form
services	Form
increases	Form
the	Form
job	Form
satisfaction	Form
and	Form
turnover	Form
of	Form
my	Form
staff	Form
Section	Form
3:	Form
Vision	Form
1	Form
2	Form
3	Form
4	Form
5	Form
My	Form
colleagues	Form
and	Form
I	Form
envision	Form
ourselves	Form
as	Form
leaders	Form
of	Form
cultural	Form
change	Form
Which	Form
of	Form
the	Form
following	Form
statements	Form
best	Form
describes	Form
your	Form
situation	Form
within	Form
your	Form
organisation	Form
(Please	Form
select	Form
one)	Form
I	Form
and/or	Form
my	Form
colleagues	Form
have	Form
identified	Form
set	Form
targets	Form
for	Form
increasing	Form
the	Form
UniversAbility	Form
of	Form
our	Form
services	Form
and	Form
are	Form
putting	Form
strategies	Form
in	Form
place	Form
to	Form
achieve	Form
these	Form
goals	Form
I	Form
and/or	Form
my	Form
colleagues	Form
have	Form
identified	Form
scope	Form
for	Form
increasing	Form
the	Form
UniversAbility	Form
of	Form
our	Form
services	Form
I	Form
think	Form
there	Form
may	Form
be	Form
scope	Form
for	Form
making	Form
our	Form
services	Form
more	Form
inclusive	Form
but	Form
am	Form
not	Form
sure	Form
I	Form
have	Form
never	Form
considered	Form
making	Form
our	Form
services	Form
more	Form
inclusive	Form
until	Form
now	Form
I	Form
don't	Form
think	Form
making	Form
our	Form
services	Form
more	Form
inclusive,	Form
in	Form
particular	Form
for	Form
people	Form
with	Form
disabilities,	Form
is	Form
really	Form
an	Form
option	Form
for	Form
us	Form
but	Form
won't	Form
rule	Form
it	Form
out	Form
completely	Form
until	Form
it	Form
has	Form
been	Form
fully	Form
explored	Form
Section	Form
4:	Form
Philosophy	Form
1.	Form
Does	Form
your	Form
organisation	Form
have	Form
stated	Form
ideals	Form
in	Form
your	Form
strategic	Form
plan	Form
or	Form
other	Form
management	Form
documents	Form
which	Form
relate	Form
to	Form
the	Form
UniversAbility	Form
of	Form
your	Form
services?	Form
Yes	Form
No	Form
2.	Form
Do	Form
you	Form
think	Form
an	Form
inclusive	Form
philosophy	Form
is	Form
a	Form
lived	Form
experience	Form
by:	Form
a)	Form
Management?	Form
b)	Form
Staff?	Form
c)	Form
Customers?	Form
Section	Form
5:	Form
Policy	Form
1.	Form
Does	Form
your	Form
charging	Form
policy	Form
account	Form
for	Form
the	Form
varied	Form
needs	Form
of	Form
your	Form
customers?	Form
(e.g.	Form
No	Form
charge	Form
for	Form
personal	Form
assistants	Form
Yes	Form
No	Form
2.	Form
Do	Form
you	Form
track	Form
and	Form
monitor	Form
the	Form
proportion	Form
of	Form
your	Form
club	Form
members	Form
who	Form
experience	Form
disabilities?	Form
Yes	Form
No	Form
3.	Form
Have	Form
you	Form
a	Form
budget	Form
allocated	Form
to:	Form
a)	Form
Increasing	Form
the	Form
UniversAbility	Form
of	Form
your	Form
services?	Form
(e.g.	Form
Facilities,	Form
Equipment	Form
and	Form
Staff	Form
Training)	Form
Yes	Form
No	Form
Not	Form
needed	Form
because	Form
equipment	Form
is	Form
already	Form
fully	Form
accessible	Form
b)	Form
Increasing	Form
the	Form
UniversAbility	Form
of	Form
your	Form
policies?	Form
Yes	Form
No	Form
4.	Form
Are	Form
you	Form
familiar	Form
with	Form
the	Form
national	Form
legislation	Form
that	Form
relates	Form
to	Form
disability	Form
service	Form
provision?	Form
Yes	Form
No	Form
Section	Form
6:	Form
Processes	Form
1.	Form
Do	Form
you	Form
engage	Form
with	Form
disability	Form
groups	Form
in	Form
your	Form
local	Form
community?	Form
Yes	Form
No	Form
2.	Form
Have	Form
you	Form
forged	Form
any	Form
alliance/partnership	Form
with	Form
any	Form
disability	Form
organisation?	Form
Yes	Form
No	Form
3.	Form
Have	Form
you	Form
or	Form
your	Form
staff	Form
embraced	Form
any	Form
assistive	Form
tehnologies	Form
(e.g.	Form
Assist-Mi	Form
App)?	Form
Yes	Form
No	Form
4.	Form
Have	Form
you	Form
or	Form
your	Form
colleagues	Form
undertaken	Form
any	Form
research	Form
on	Form
making	Form
your	Form
service	Form
more	Form
inclusive?	Form
Yes	Form
No	Form
5.	Form
Do	Form
you	Form
encourage	Form
your	Form
staff	Form
to	Form
engage	Form
in	Form
customer	Form
satisfaction	Form
conversations	Form
with	Form
different	Form
user	Form
groups?	Form
Yes	Form
No	Form
Section	Form
7:	Form
Perception	Form
1.	Form
Do	Form
you	Form
gather	Form
information	Form
from	Form
your	Form
users	Form
on	Form
their	Form
beliefs	Form
about	Form
fitness	Form
being	Form
a	Form
fundamental	Form
right	Form
for	Form
all?	Form
Yes	Form
No	Form
2.	Form
Do	Form
you	Form
gather	Form
information	Form
from	Form
people	Form
who	Form
do	Form
not	Form
use	Form
your	Form
facility	Form
on	Form
fitness	Form
being	Form
a	Form
fundamental	Form
right	Form
for	Form
all?	Form
Yes	Form
No	Form
Section	Form
8:	Form
Programmes	Form
This	Form
section	Form
refers	Form
to	Form
programmes	Form
that	Form
you	Form
deliver,	Form
or	Form
support	Form
delivery	Form
of	Form
to	Form
conciously	Form
inclusivise	Form
your	Form
services	Form
1.	Form
Do	Form
you	Form
and	Form
your	Form
staff	Form
provide	Form
programmes	Form
specifically	Form
for	Form
people	Form
with	Form
disabilities?	Form
Yes	Form
No	Form
If	Form
Yes	Form
please	Form
complete	Form
the	Form
table	Form
below	Form
Disability	Form
Category	Form
YES	Form
Type	Form
(Segregated	Form
or	Form
Integrated)	Form
Physical	Form
Disabilities	Form
Intellectual	Form
Disabilities	Form
Sensory	Form
Disabilities	Form
Mental	Form
Health	Form
Difficulties	Form
2.	Form
Do	Form
people	Form
with	Form
disabilities	Form
use	Form
the	Form
gym,	Form
pool,	Form
or	Form
participate	Form
in	Form
group	Form
activites	Form
etc.	Form
alongside	Form
other	Form
members?	Form
Yes	Form
No	Form
If	Form
Yes	Form
please	Form
complete	Form
the	Form
table	Form
below	Form
Disability	Form
Category	Form
YES	Form
Type	Form
(Segregated	Form
or	Form
Integrated)	Form
Physical	Form
Disabilities	Form
Intellectual	Form
Disabilities	Form
Sensory	Form
Disabilities	Form
Mental	Form
Health	Form
Difficulties	Form
Section	Form
9:	Form
People	Form
1.	Form
Have	Form
you	Form
or	Form
sny	Form
of	Form
your	Form
staff/volunteers	Form
had	Form
training	Form
that	Form
facilitates	Form
the	Form
inclusion	Form
of	Form
people	Form
with	Form
disabilities?	Form
a)	Form
Operational	Form
(teaching/instructional	Form
staff)	Form
Yes	Form
No	Form
b)	Form
Management	Form
Yes	Form
No	Form
c)	Form
Front	Form
of	Form
house	Form
Yes	Form
No	Form
d)	Form
Stakeholders/	Form
Contacted	Form
staff	Form
Yes	Form
No	Form
2.	Form
Are	Form
people	Form
with	Form
disabilities	Form
employed	Form
by	Form
you	Form
organisation	Form
and/or	Form
represented	Form
on	Form
your	Form
steering	Form
committee/	Form
management	Form
committee/	Form
board	Form
of	Form
management	Form
etc.?	Form
Yes	Form
No	Form
3.	Form
Is	Form
there	Form
a	Form
member	Form
of	Form
staff	Form
allocated	Form
as	Form
a	Form
liason/point	Form
person	Form
for	Form
customers	Form
with	Form
disabilities?	Form
Yes	Form
No	Form
Section	Form
10:	Form
Physical	Form
Access/Place	Form
1.	Form
Have	Form
you	Form
or	Form
your	Form
colleagues	Form
carried	Form
out	Form
an	Form
audit	Form
to	Form
evaluate	Form
the	Form
UniversAbility	Form
of	Form
your	Form
facility?	Form
Yes	Form
No	Form
2.	Form
Does	Form
your	Form
facility	Form
(or	Form
the	Form
facility	Form
you	Form
use)	Form
consider	Form
the	Form
following	Form
disabilites	Form
when	Form
evaluating	Form
UniversAbility?	Form
Disability	Form
Category	Form
YES	Form
Physical	Form
Disabilities	Form
Intellectual	Form
Disabilities	Form
Sensory	Form
Disabilities	Form
Mental	Form
Health	Form
Difficulties	Form
Section	Form
11:	Form
Promotion	Form
1.	Form
Is	Form
your	Form
promotional	Form
material	Form
inclusive	Form
of	Form
people	Form
with	Form
disabilities?	Form
Yes	Form
No	Form
2.	Form
Have	Form
you	Form
or	Form
your	Form
colleagues/staff	Form
developed	Form
any	Form
promotional	Form
materials	Form
with	Form
the	Form
aim	Form
of	Form
attracting	Form
people	Form
with	Form
disabilities?	Form
Yes	Form
No	Form
Overall	Text
Comment	Text
on	Text
your	Text
organisation:	Text
",,2019-01-26	O
14:59:30.975683	O

"[	O
<	Form
form>	Form
<	Text
p	Text
class=""marg""><	O
strong>Please	O
consider	O
the	O
following	O
questions	O
and	O
identify	O
your	O
level	O
of	O
agreement	O
with	O
the	O
statement<	O
/strong>	O
<	Text
/p>	Text
<	O
ol>	O
<	O
li>Strongly	O
Disagree<	O
/li>	O
<	O
li>Disagree<	O
/li>	O
<	O
li>Nuetral/	O
Don't	O
know<	O
/li>	O
<	O
li>Agree<	O
/li>	O
<	O
li>Strongly	O
agree<	O
/li>	O
<	O
/ol>	O
<	Form
fieldset>	Form
<	Form
legend>	Form
<	O
strong>Section	O
1:	O
Verification<	O
/strong><	O
/legend>	O
<	Table
table>	Table
<	Table
tr>	Table
<	Table
th>	Table
<	Table
/	Table
th>	Table
<	Table
th>	Table
1	O
<	Table
/th>	Table
<	Table
th>	Table
2	O
<	Table
/th>	Table
<	Table
th>	Table
3	O
<	Table
/th>	Table
<	Table
th>	Table
4	O
<	Table
/th>	Table
<	Table
th>	Table
5	O
<	Table
/th>	Table
<	Table
/tr>	Table
<	Table
tr>	Table
<	Table
td>	Table
I	Table
and/or	O
my	O
colleagues	O
know	O
where	O
to	O
get	O
information	O
to	O
help	O
us	O
analyse	O
the	O
business	O
case	O
for	O
consciously	O
attracting	O
people	O
with	O
disabilities	O
as	O
members<	O
/td>	O
<	Table
td>	Table
<	Form
input	Form
name=""Q1P1""	O
type=""radio""	O
value=""1""/><	O
/td>	O
<	Table
td>	Table
<	Form
input	Form
name=""Q1P1""	O
type=""radio""	O
value=""2""/><	O
/td>	O
<	Table
td>	Table
<	Form
input	Form
name=""Q1P1""	O
type=""radio""	O
value=""3""/><	O
/td>	O
<	Table
td>	Table
<	Form
input	Form
name=""Q1P1""	O
type=""radio""	O
value=""4""/><	O
/td>	O
<	Table
td>	Table
<	Form
input	Form
name=""Q1P1""	O
type=""radio""	O
value=""5""/><	O
/td>	O
<	Table
/tr>	Table
<	Table
tr>	Table
<	Table
td>	Table
I	Table
/	Table
my	O
colleagues	O
have	O
researched	O
the	O
scope	O
for	O
increasing	O
the	O
participation	O
of	O
the	O
broader	O
community,	O
in	O
particular	O
people	O
with	O
disabilites<	O
/td>	O
<	Table
td>	Table
<	Form
input	Form
name=""Q1P2""	O
type=""radio""	O
value=""1""/><	O
/td>	O
<	Table
td>	Table
<	Form
input	Form
name=""Q1P2""	O
type=""radio""	O
value=""2""/><	O
/td>	O
<	Table
td>	Table
<	Form
input	Form
name=""Q1P2""	O
type=""radio""	O
value=""3""/><	O
/td>	O
<	Table
td>	Table
<	Form
input	Form
name=""Q1P2""	O
type=""radio""	O
value=""4""/><	O
/td>	O
<	Table
td>	Table
<	Form
input	Form
name=""Q1P2""	O
type=""radio""	O
value=""5""/><	O
/td>	O
<	Table
/tr>	Table
<	Table
tr>	Table
<	Table
td>	Table
I	Table
know	O
of	O
disability	O
service	O
providers	O
that	O
I	O
could	O
link	O
with	O
in	O
the	O
local	O
community<	O
/td>	O
<	Table
td>	Table
<	Form
input	Form
name=""Q1P3""	O
type=""radio""	O
value=""1""/><	O
/td>	O
<	Table
td>	Table
<	Form
input	Form
name=""Q1P3""	O
type=""radio""	O
value=""2""/><	O
/td>	O
<	Table
td>	Table
<	Form
input	Form
name=""Q1P3""	O
type=""radio""	O
value=""3""/><	O
/td>	O
<	Table
td>	Table
<	Form
input	Form
name=""Q1P3""	O
type=""radio""	O
value=""4""/><	O
/td>	O
<	Table
td>	Table
<	Form
input	Form
name=""Q1P3""	O
type=""radio""	O
value=""5""/><	O
/td>	O
<	Table
/tr>	Table
<	Table
tr>	Table
<	Table
td>	Table
M	Table
y	Table
colleagues	O
and	O
I	O
make	O
our	O
services	O
inclusive	O
to	O
provide	O
for	O
people	O
with	O
disabilities<	O
/td>	O
<	Table
td>	Table
<	Form
input	Form
name=""Q1P4""	O
type=""radio""	O
value=""1""/><	O
/td>	O
<	Table
td>	Table
<	Form
input	Form
name=""Q1P4""	O
type=""radio""	O
value=""2""/><	O
/td>	O
<	Table
td>	Table
<	Form
input	Form
name=""Q1P4""	O
type=""radio""	O
value=""3""/><	O
/td>	O
<	Table
td>	Table
<	Form
input	Form
name=""Q1P4""	O
type=""radio""	O
value=""4""/><	O
/td>	O
<	Table
td>	Table
<	Form
input	Form
name=""Q1P4""	O
type=""radio""	O
value=""5""/><	O
/td>	O
<	Table
/tr>	Table
<	Table
/table>	Table
<	Form
/fieldset>	Form
<	Text
p	Text
class=""result""	O
id=""radio"">	O
<	Text
/p>	Text
<	Form
fieldset>	Form
<	Form
legend>	Form
<	O
strong>Section	O
2:	O
Value	O
Proposition<	O
/strong><	O
/legend>	O
<	Table
table>	Table
<	Table
tr>	Table
<	Table
th>	Table
<	Table
/	Table
th>	Table
<	Table
th>	Table
1	O
<	Table
/th>	Table
<	Table
th>	Table
2	O
<	Table
/th>	Table
<	Table
th>	Table
3	O
<	Table
/th>	Table
<	Table
th>	Table
4	O
<	Table
/th>	Table
<	Table
th>	Table
5	O
<	Table
/th>	Table
<	Table
/tr>	Table
<	Table
tr>	Table
<	Table
td>	Table
M	Table
y	Table
colleagues	O
and	O
I	O
have	O
a	O
significant	O
contribution	O
to	O
make	O
to	O
the	O
quality	O
of	O
life	O
of	O
people	O
in	O
our	O
community,	O
including	O
people	O
with	O
disabilities<	O
/td>	O
<	Table
td>	Table
<	Form
input	Form
name=""Q2P1""	O
type=""radio""	O
value=""1""/><	O
/td>	O
<	Table
td>	Table
<	Form
input	Form
name=""Q2P1""	O
type=""radio""	O
value=""2""/><	O
/td>	O
<	Table
td>	Table
<	Form
input	Form
name=""Q2P1""	O
type=""radio""	O
value=""3""/><	O
/td>	O
<	Table
td>	Table
<	Form
input	Form
name=""Q2P1""	O
type=""radio""	O
value=""4""/><	O
/td>	O
<	Table
td>	Table
<	Form
input	Form
name=""Q2P1""	O
type=""radio""	O
value=""5""/><	O
/td>	O
<	Table
/tr>	Table
<	Table
tr>	Table
<	Table
td>	Table
M	Table
y	Table
colleagues	O
and	O
I	O
have	O
the	O
scope	O
to	O
improve	O
opportunities	O
for	O
participation	O
in	O
fitness	O
activities	O
for	O
people	O
living	O
in.	O
or	O
visiting	O
our	O
community,	O
including	O
people	O
with	O
disabilities<	O
/td>	O
<	Table
td>	Table
<	Form
input	Form
name=""Q2P2""	O
type=""radio""	O
value=""1""/><	O
/td>	O
<	Table
td>	Table
<	Form
input	Form
name=""Q2P2""	O
type=""radio""	O
value=""2""/><	O
/td>	O
<	Table
td>	Table
<	Form
input	Form
name=""Q2P2""	O
type=""radio""	O
value=""3""/><	O
/td>	O
<	Table
td>	Table
<	Form
input	Form
name=""Q2P2""	O
type=""radio""	O
value=""4""/><	O
/td>	O
<	Table
td>	Table
<	Form
input	Form
name=""Q2P2""	O
type=""radio""	O
value=""5""/><	O
/td>	O
<	Table
/tr>	Table
<	Table
tr>	Table
<	Table
td>	Table
T	Table
h	Table
e	O
benefits	O
of	O
increasing	O
our	O
UniversAbility	O
to	O
increase	O
participation	O
are	O
clear<	O
/td>	O
<	Table
td>	Table
<	Form
input	Form
name=""Q2P3""	O
type=""radio""	O
value=""1""/><	O
/td>	O
<	Table
td>	Table
<	Form
input	Form
name=""Q2P3""	O
type=""radio""	O
value=""2""/><	O
/td>	O
<	Table
td>	Table
<	Form
input	Form
name=""Q2P3""	O
type=""radio""	O
value=""3""/><	O
/td>	O
<	Table
td>	Table
<	Form
input	Form
name=""Q2P3""	O
type=""radio""	O
value=""4""/><	O
/td>	O
<	Table
td>	Table
<	Form
input	Form
name=""Q2P3""	O
type=""radio""	O
value=""5""/><	O
/td>	O
<	Table
/tr>	Table
<	Table
tr>	Table
<	Table
td>	Table
M	Table
y	Table
colleagues	O
and	O
I	O
play	O
a	O
major	O
role	O
in	O
providing	O
health	O
services	O
to	O
the	O
entire	O
community,	O
including	O
people	O
with	O
disabilities<	O
/td>	O
<	Table
td>	Table
<	Form
input	Form
name=""Q2P4""	O
type=""radio""	O
value=""1""/><	O
/td>	O
<	Table
td>	Table
<	Form
input	Form
name=""Q2P4""	O
type=""radio""	O
value=""2""/><	O
/td>	O
<	Table
td>	Table
<	Form
input	Form
name=""Q2P4""	O
type=""radio""	O
value=""3""/><	O
/td>	O
<	Table
td>	Table
<	Form
input	Form
name=""Q2P4""	O
type=""radio""	O
value=""4""/><	O
/td>	O
<	Table
td>	Table
<	Form
input	Form
name=""Q2P4""	O
type=""radio""	O
value=""5""/><	O
/td>	O
<	Table
/tr>	Table
<	Table
tr>	Table
<	Table
td>	Table
T	Table
h	Table
e	O
UniversAbility	O
of	O
our	O
fitness	O
services	O
increases	O
the	O
job	O
satisfaction	O
and	O
turnover	O
of	O
my	O
staff<	O
/td>	O
<	Table
td>	Table
<	Form
input	Form
name=""Q2P5""	O
type=""radio""	O
value=""1""/><	O
/td>	O
<	Table
td>	Table
<	Form
input	Form
name=""Q2P5""	O
type=""radio""	O
value=""2""/><	O
/td>	O
<	Table
td>	Table
<	Form
input	Form
name=""Q2P5""	O
type=""radio""	O
value=""3""/><	O
/td>	O
<	Table
td>	Table
<	Form
input	Form
name=""Q2P5""	O
type=""radio""	O
value=""4""/><	O
/td>	O
<	Table
td>	Table
<	Form
input	Form
name=""Q2P5""	O
type=""radio""	O
value=""5""/><	O
/td>	O
<	Table
/tr>	Table
<	Table
/table>	Table
<	Form
/fieldset>	Form
<	Text
p	Text
class=""result""	O
id=""radio2"">	O
<	Text
/p>	Text
<	Form
fieldset>	Form
<	Form
legend>	Form
<	O
strong>Section	O
3:	O
Vision<	O
/strong><	O
/legend>	O
<	Table
table	Table
class=""center"">	O
<	Table
tr>	Table
<	Table
th>	Table
<	Table
/th>	Table
<	Table
th>	Table
1	O
<	Table
/th>	Table
<	Table
th>	Table
2	O
<	Table
/th>	Table
<	Table
th>	Table
3	O
<	Table
/th>	Table
<	Table
th>	Table
4	O
<	Table
/th>	Table
<	Table
th>	Table
5	O
<	Table
/th>	Table
<	Table
/tr>	Table
<	Table
tr>	Table
<	Table
td>	Table
M	Table
y	Table
colleagues	O
and	O
I	O
envision	O
ourselves	O
as	O
leaders	O
of	O
cultural	O
change<	O
/td>	O
<	Table
td>	Table
<	Form
input	Form
name=""Q3P1""	O
type=""radio""	O
value=""1""/><	O
/td>	O
<	Table
td>	Table
<	Form
input	Form
name=""Q3P1""	O
type=""radio""	O
value=""2""/><	O
/td>	O
<	Table
td>	Table
<	Form
input	Form
name=""Q3P1""	O
type=""radio""	O
value=""3""/><	O
/td>	O
<	Table
td>	Table
<	Form
input	Form
name=""Q3P1""	O
type=""radio""	O
value=""4""/><	O
/td>	O
<	Table
td>	Table
<	Form
input	Form
name=""Q3P1""	O
type=""radio""	O
value=""5""/><	O
/td>	O
<	Table
/tr>	Table
<	Table
/table>	Table
<	Text
p	Text
><	O
strong>Which	O
of	O
the	O
following	O
statements	O
best	O
describes	O
your	O
situation	O
within	O
your	O
organisation	O
(Please	O
select	O
one)<	O
/strong>	O
<	Text
/p>	Text
<	Table
table	Table
>	O
<	Table
tr>	Table
<	Table
td>	Table
I	O
and/or	O
my	O
colleagues	O
have	O
identified	O
set	O
targets	O
for	O
increasing	O
the	O
UniversAbility	O
of	O
our	O
services	O
and	O
are	O
putting	O
strategies	O
in	O
place	O
to	O
achieve	O
these	O
goals<	O
/td>	O
<	Table
td>	Table
<	Form
input	Form
name=""Q3P2""	O
type=""radio""	O
value=""5""/><	O
/td>	O
<	Table
/tr>	Table
<	Table
tr>	Table
<	Table
td>	Table
I	Table
and/or	O
my	O
colleagues	O
have	O
identified	O
scope	O
for	O
increasing	O
the	O
UniversAbility	O
of	O
our	O
services<	O
/td>	O
<	Table
td>	Table
<	Form
input	Form
name=""Q3P2""	O
type=""radio""	O
value=""4""/><	O
/td>	O
<	Table
/tr>	Table
<	Table
tr>	Table
<	Table
td>	Table
I	Table
think	O
there	O
may	O
be	O
scope	O
for	O
making	O
our	O
services	O
more	O
inclusive	O
but	O
am	O
not	O
sure<	O
/td>	O
<	Table
td>	Table
<	Form
input	Form
name=""Q3P2""	O
type=""radio""	O
value=""3""/><	O
/td>	O
<	Table
/tr>	Table
<	Table
tr>	Table
<	Table
td>	Table
I	Table
have	O
never	O
considered	O
making	O
our	O
services	O
more	O
inclusive	O
until	O
now<	O
/td>	O
<	Table
td>	Table
<	Form
input	Form
name=""Q3P2""	O
type=""radio""	O
value=""2""/><	O
/td>	O
<	Table
/tr>	Table
<	Table
tr>	Table
<	Table
td>	Table
I	Table
don't	O
think	O
making	O
our	O
services	O
more	O
inclusive,	O
in	O
particular	O
for	O
people	O
with	O
disabilities,	O
is	O
really	O
an	O
option	O
for	O
us	O
but	O
won't	O
rule	O
it	O
out	O
completely	O
until	O
it	O
has	O
been	O
fully	O
explored<	O
/td>	O
<	Table
td>	Table
<	Form
input	Form
name=""Q3P2""	O
type=""radio""	O
value=""1""/><	O
/td>	O
<	Table
/tr>	Table
<	Table
/table>	Table
<	Form
/fieldset>	Form
<	Text
p	Text
class=""result""	O
id=""radio3"">	O
<	Text
/p>	Text
<	Form
fieldset>	Form
<	Form
legend>	Form
<	O
strong>Section	O
4:	O
Philosophy<	O
/strong><	O
/legend>	O
<	Text
p	Text
><	O
strong>1.	O
Does	O
your	O
organisation	O
have	O
stated	O
ideals	O
in	O
your	O
strategic	O
plan	O
or	O
other	O
management	O
documents	O
which	O
relate	O
to	O
the	O
UniversAbility	O
of	O
your	O
services?<	O
/strong>	O
<	Text
/p>	Text
<	Text
p	Text
>Yes	O
<	Form
input	Form
name=""Q4P1""	O
type=""radio""	O
value=""10""/>	O
No	O
<	Form
input	Form
name=""Q4P1""	O
type=""radio""	O
value=""0""/>	O
<	Text
/p>	Text
<	Text
p	Text
><	O
strong>2.	O
Do	O
you	O
think	O
an	O
inclusive	O
philosophy	O
is	O
a	O
lived	O
experience	O
by:	O
<	O
/strong>	O
<	Text
/p>	Text
<	Text
p	Text
>a)	O
Management?	O
<	Form
input	Form
name=""Q4P2""	O
type=""checkBox""	O
value=""10""/><	O
br/>	O
b)	O
Staff?	O
<	Form
input	Form
name=""Q4P2""	O
type=""checkBox""	O
value=""10""/><	O
br/>	O
c)	O
Customers?	O
<	Form
input	Form
name=""Q4P2""	O
type=""checkBox""	O
value=""10""/>	O
<	Text
/p>	Text
<	Form
/fieldset>	Form
<	Text
p	Text
class=""result""	O
id=""radio4"">	O
<	Text
/p>	Text
<	Form
fieldset>	Form
<	Form
legend>	Form
<	O
strong>Section	O
5:	O
Policy<	O
/strong><	O
/legend>	O
<	Text
p	Text
><	O
strong>1.	O
Does	O
your	O
charging	O
policy	O
account	O
for	O
the	O
varied	O
needs	O
of	O
your	O
customers?	O
(e.g.	O
No	O
charge	O
for	O
personal	O
assistants<	O
/strong>	O
<	Text
/p>	Text
<	Text
p	Text
>Yes	O
<	Form
input	Form
name=""Q5P1""	O
type=""radio""	O
value=""10""/>	O
No	O
<	Form
input	Form
name=""Q5P1""	O
type=""radio""	O
value=""0""/>	O
<	Text
/p>	Text
<	Text
p	Text
><	O
strong>2.	O
Do	O
you	O
track	O
and	O
monitor	O
the	O
proportion	O
of	O
your	O
club	O
members	O
who	O
experience	O
disabilities?<	O
/strong>	O
<	Text
/p>	Text
<	Text
p	Text
>Yes	O
<	Form
input	Form
name=""Q5P2""	O
type=""radio""	O
value=""10""/>	O
No	O
<	Form
input	Form
name=""Q5P2""	O
type=""radio""	O
value=""0""/>	O
<	Text
/p>	Text
<	Text
p	Text
><	O
strong>3.	O
Have	O
you	O
a	O
budget	O
allocated	O
to:<	O
/strong>	O
<	Text
/p>	Text
<	Text
p	Text
class=""marg""><	O
strong>a)	O
Increasing	O
the	O
UniversAbility	O
of	O
your	O
services?	O
(e.g.	O
Facilities,	O
Equipment	O
and	O
Staff	O
Training)<	O
/strong>	O
<	Text
/p>	Text
<	Text
p	Text
>Yes	O
<	Form
input	Form
name=""Q5P3""	O
type=""radio""	O
value=""10""/>	O
No	O
<	Form
input	Form
name=""Q5P3""	O
type=""radio""	O
value=""0""/><	O
br/>	O
Not	O
needed	O
because	O
equipment	O
is	O
already	O
fully	O
accessible	O
<	Form
input	Form
name=""Q5P3""	O
type=""radio""	O
value=""10""/>	O
<	Text
/p>	Text
<	Text
p	Text
class=""marg""><	O
strong>b)	O
Increasing	O
the	O
UniversAbility	O
of	O
your	O
policies?<	O
/strong>	O
<	Text
/p>	Text
<	Text
p	Text
>Yes	O
<	Form
input	Form
name=""Q5P4""	O
type=""radio""	O
value=""10""/>	O
No	O
<	Form
input	Form
name=""Q5P4""	O
type=""radio""	O
value=""0""/>	O
<	Text
/p>	Text
<	Text
p	Text
><	O
strong>4.	O
Are	O
you	O
familiar	O
with	O
the	O
national	O
legislation	O
that	O
relates	O
to	O
disability	O
service	O
provision?<	O
/strong>	O
<	Text
/p>	Text
<	Text
p	Text
>Yes	O
<	Form
input	Form
name=""Q5P5""	O
type=""radio""	O
value=""10""/>	O
No	O
<	Form
input	Form
name=""Q5P5""	O
type=""radio""	O
value=""0""/>	O
<	Text
/p>	Text
<	Form
/fieldset>	Form
<	Text
p	Text
class=""result""	O
id=""radio5"">	O
<	Text
/p>	Text
<	Form
fieldset>	Form
<	Form
legend>	Form
<	O
strong>Section	O
6:	O
Processes<	O
/strong><	O
/legend>	O
<	Text
p	Text
><	O
strong>1.	O
Do	O
you	O
engage	O
with	O
disability	O
groups	O
in	O
your	O
local	O
community?	O
<	O
/strong>	O
<	Text
/p>	Text
<	Text
p	Text
>Yes	O
<	Form
input	Form
name=""Q6P1""	O
type=""radio""	O
value=""10""/>	O
No	O
<	Form
input	Form
name=""Q6P1""	O
type=""radio""	O
value=""0""/>	O
<	Text
/p>	Text
<	Text
p	Text
><	O
strong>2.	O
Have	O
you	O
forged	O
any	O
alliance/partnership	O
with	O
any	O
disability	O
organisation?<	O
/strong>	O
<	Text
/p>	Text
<	Text
p	Text
>Yes	O
<	Form
input	Form
name=""Q6P2""	O
type=""radio""	O
value=""10""/>	O
No	O
<	Form
input	Form
name=""Q6P2""	O
type=""radio""	O
value=""0""/>	O
<	Text
/p>	Text
<	Text
p	Text
><	O
strong>3.	O
Have	O
you	O
or	O
your	O
staff	O
embraced	O
any	O
assistive	O
tehnologies	O
(e.g.	O
Assist-Mi	O
App)?<	O
/strong>	O
<	Text
/p>	Text
<	Text
p	Text
>Yes	O
<	Form
input	Form
name=""Q6P3""	O
type=""radio""	O
value=""10""/>	O
No	O
<	Form
input	Form
name=""Q6P3""	O
type=""radio""	O
value=""0""/>	O
<	Text
/p>	Text
<	Text
p	Text
><	O
strong>4.	O
Have	O
you	O
or	O
your	O
colleagues	O
undertaken	O
any	O
research	O
on	O
making	O
your	O
service	O
more	O
inclusive?<	O
/strong>	O
<	Text
/p>	Text
<	Text
p	Text
>Yes	O
<	Form
input	Form
name=""Q6P4""	O
type=""radio""	O
value=""10""/>	O
No	O
<	Form
input	Form
name=""Q6P4""	O
type=""radio""	O
value=""0""/>	O
<	Text
/p>	Text
<	Text
p	Text
><	O
strong>5.	O
Do	O
you	O
encourage	O
your	O
staff	O
to	O
engage	O
in	O
customer	O
satisfaction	O
conversations	O
with	O
different	O
user	O
groups?<	O
/strong>	O
<	Text
/p>	Text
<	Text
p	Text
>Yes	O
<	Form
input	Form
name=""Q6P5""	O
type=""radio""	O
value=""10""/>	O
No	O
<	Form
input	Form
name=""Q6P5""	O
type=""radio""	O
value=""0""/>	O
<	Text
/p>	Text
<	Form
/fieldset>	Form
<	Text
p	Text
class=""result""	O
id=""radio6"">	O
<	Text
/p>	Text
<	Form
fieldset>	Form
<	Form
legend>	Form
<	O
strong>Section	O
7:	O
Perception<	O
/strong><	O
/legend>	O
<	Text
p	Text
><	O
strong>1.	O
Do	O
you	O
gather	O
information	O
from	O
your	O
users	O
on	O
their	O
beliefs	O
about	O
fitness	O
being	O
a	O
fundamental	O
right	O
for	O
all?<	O
/strong>	O
<	Text
/p>	Text
<	Text
p	Text
>Yes	O
<	Form
input	Form
name=""Q7P1""	O
type=""radio""	O
value=""10""/>	O
No	O
<	Form
input	Form
name=""Q7P1""	O
type=""radio""	O
value=""0""/>	O
<	Text
/p>	Text
<	Text
p	Text
><	O
strong>2.	O
Do	O
you	O
gather	O
information	O
from	O
people	O
who	O
do	O
not	O
use	O
your	O
facility	O
on	O
fitness	O
being	O
a	O
fundamental	O
right	O
for	O
all?<	O
/strong>	O
<	Text
/p>	Text
<	Text
p	Text
>Yes	O
<	Form
input	Form
name=""Q7P2""	O
type=""radio""	O
value=""10""/>	O
No	O
<	Form
input	Form
name=""Q7P2""	O
type=""radio""	O
value=""0""/>	O
<	Text
/p>	Text
<	Form
/fieldset>	Form
<	Text
p	Text
class=""result""	O
id=""radio7"">	O
<	Text
/p>	Text
<	Form
fieldset>	Form
<	Form
legend>	Form
<	O
strong>Section	O
8:	O
Programmes<	O
/strong><	O
/legend>	O
<	Text
p	Text
><	O
strong>This	O
section	O
refers	O
to	O
programmes	O
that	O
you	O
deliver,	O
or	O
support	O
delivery	O
of	O
to	O
conciously	O
inclusivise	O
your	O
services<	O
/strong>	O
<	Text
/p>	Text
<	Text
p	Text
><	O
strong>1.	O
Do	O
you	O
and	O
your	O
staff	O
provide	O
programmes	O
specifically	O
for	O
people	O
with	O
disabilities?<	O
/strong>	O
<	Text
/p>	Text
<	Text
p	Text
>Yes	O
<	Form
input	Form
name=""Q8P1""	O
type=""radio""	O
value=""10""/>	O
No	O
<	Form
input	Form
name=""Q8P1""	O
type=""radio""	O
value=""0""/>	O
<	Text
/p>	Text
<	Text
p	Text
class=""marg"">If	O
Yes	O
please	O
complete	O
the	O
table	O
below	O
<	Text
/p>	Text
<	Table
table	Table
class=""marg"">	O
<	Table
tr>	Table
<	O
th	O
rowspan=""2"">Disability	O
Category	O
<	Table
/th>	Table
<	Table
th>	Table
YES	O
<	Table
/th>	Table
<	O
/tr>	O
<	Table
tr>	Table
<	Table
th>	Table
Type	O
(Segregated	O
or	O
Integrated)	O
<	Table
/th>	Table
<	Table
/tr>	Table
<	Table
tr>	Table
<	Table
td>	Table
P	Table
h	Table
ysical	O
Disabilities<	O
/td>	O
<	Table
td>	Table
<	Form
input	Form
name=""Q8P2""	O
type=""checkbox""	O
value=""10""/><	O
/td>	O
<	Table
/tr>	Table
<	Table
tr>	Table
<	Table
td>	Table
I	Table
n	Table
tellectual	O
Disabilities<	O
/td>	O
<	Table
td>	Table
<	Form
input	Form
name=""Q8P2""	O
type=""checkbox""	O
value=""10""/><	O
/td>	O
<	Table
/tr>	Table
<	Table
tr>	Table
<	Table
td>	Table
S	Table
e	Table
nsory	O
Disabilities<	O
/td>	O
<	Table
td>	Table
<	Form
input	Form
name=""Q8P2""	O
type=""checkbox""	O
value=""10""/><	O
/td>	O
<	Table
/tr>	Table
<	Table
tr>	Table
<	Table
td>	Table
M	Table
e	Table
ntal	O
Health	O
Difficulties<	O
/td>	O
<	Table
td>	Table
<	Form
input	Form
name=""Q8P2""	O
type=""checkbox""	O
value=""10""/><	O
/td>	O
<	Table
/tr>	Table
<	Table
/table>	Table
<	Text
p	Text
><	O
strong>2.	O
Do	O
people	O
with	O
disabilities	O
use	O
the	O
gym,	O
pool,	O
or	O
participate	O
in	O
group	O
activites	O
etc.	O
alongside	O
other	O
members?<	O
/strong>	O
<	Text
/p>	Text
<	Text
p	Text
>Yes	O
<	Form
input	Form
name=""Q8P3""	O
type=""radio""	O
value=""10""/>	O
No	O
<	Form
input	Form
name=""Q8P3""	O
type=""radio""	O
value=""0""/>	O
<	Text
/p>	Text
<	Text
p	Text
class=""marg"">If	O
Yes	O
please	O
complete	O
the	O
table	O
below	O
<	Text
/p>	Text
<	Table
table	Table
class=""marg"">	O
<	Table
tr>	Table
<	O
th	O
rowspan=""2"">Disability	O
Category	O
<	Table
/th>	Table
<	Table
th>	Table
YES	O
<	Table
/th>	Table
<	O
/tr>	O
<	Table
tr>	Table
<	Table
th>	Table
Type	O
(Segregated	O
or	O
Integrated)	O
<	Table
/th>	Table
<	Table
/tr>	Table
<	Table
tr>	Table
<	Table
td>	Table
P	Table
h	Table
ysical	O
Disabilities<	O
/td>	O
<	Table
td>	Table
<	Form
input	Form
name=""Q8P4""	O
type=""checkbox""	O
value=""10""/><	O
/td>	O
<	Table
/tr>	Table
<	Table
tr>	Table
<	Table
td>	Table
I	Table
n	Table
tellectual	O
Disabilities<	O
/td>	O
<	Table
td>	Table
<	Form
input	Form
name=""Q8P4""	O
type=""checkbox""	O
value=""10""/><	O
/td>	O
<	Table
/tr>	Table
<	Table
tr>	Table
<	Table
td>	Table
S	Table
e	Table
nsory	O
Disabilities<	O
/td>	O
<	Table
td>	Table
<	Form
input	Form
name=""Q8P4""	O
type=""checkbox""	O
value=""10""/><	O
/td>	O
<	Table
/tr>	Table
<	Table
tr>	Table
<	Table
td>	Table
M	Table
e	Table
ntal	O
Health	O
Difficulties<	O
/td>	O
<	Table
td>	Table
<	Form
input	Form
name=""Q8P4""	O
type=""checkbox""	O
value=""10""/><	O
/td>	O
<	Table
/tr>	Table
<	Table
/table>	Table
<	Form
/fieldset>	Form
<	Text
p	Text
class=""result""	O
id=""radio8"">	O
<	Text
/p>	Text
<	Form
fieldset>	Form
<	Form
legend>	Form
<	O
strong>Section	O
9:	O
People<	O
/strong><	O
/legend>	O
<	Text
p	Text
><	O
strong>1.	O
Have	O
you	O
or	O
sny	O
of	O
your	O
staff/volunteers	O
had	O
training	O
that	O
facilitates	O
the	O
inclusion	O
of	O
people	O
with	O
disabilities?<	O
/strong>	O
<	Text
/p>	Text
<	Text
p	Text
class=""marg"">a)	O
Operational	O
(teaching/instructional	O
staff)<	O
br/>	O
Yes	O
<	Form
input	Form
name=""Q9P1""	O
type=""radio""	O
value=""10""/>	O
No	O
<	Form
input	Form
name=""Q9P1""	O
type=""radio""	O
value=""0""/>	O
<	Text
/p>	Text
<	Text
p	Text
class=""marg"">b)	O
Management<	O
br/>	O
Yes	O
<	Form
input	Form
name=""Q9P2""	O
type=""radio""	O
value=""10""/>	O
No	O
<	Form
input	Form
name=""Q9P2""	O
type=""radio""	O
value=""0""/>	O
<	Text
/p>	Text
<	Text
p	Text
class=""marg"">c)	O
Front	O
of	O
house<	O
br/>	O
Yes	O
<	Form
input	Form
name=""Q9P3""	O
type=""radio""	O
value=""10""/>	O
No	O
<	Form
input	Form
name=""Q9P3""	O
type=""radio""	O
value=""0""/>	O
<	Text
/p>	Text
<	Text
p	Text
class=""marg"">d)	O
Stakeholders/	O
Contacted	O
staff<	O
br/>	O
Yes	O
<	Form
input	Form
name=""Q9P4""	O
type=""radio""	O
value=""10""/>	O
No	O
<	Form
input	Form
name=""Q9P4""	O
type=""radio""	O
value=""0""/>	O
<	Text
/p>	Text
<	Text
p	Text
><	O
strong>2.	O
Are	O
people	O
with	O
disabilities	O
employed	O
by	O
you	O
organisation	O
and/or	O
represented	O
on	O
your	O
steering	O
committee/	O
management	O
committee/	O
board	O
of	O
management	O
etc.?<	O
/strong>	O
<	Text
/p>	Text
<	Text
p	Text
>Yes	O
<	Form
input	Form
name=""Q9P5""	O
type=""radio""	O
value=""10""/>	O
No	O
<	Form
input	Form
name=""Q9P5""	O
type=""radio""	O
value=""0""/>	O
<	Text
/p>	Text
<	Text
p	Text
><	O
strong>3.	O
Is	O
there	O
a	O
member	O
of	O
staff	O
allocated	O
as	O
a	O
liason/point	O
person	O
for	O
customers	O
with	O
disabilities?<	O
/strong>	O
<	Text
/p>	Text
<	Text
p	Text
>Yes	O
<	Form
input	Form
name=""Q9P6""	O
type=""radio""	O
value=""10""/>	O
No	O
<	Form
input	Form
name=""Q9P6""	O
type=""radio""	O
value=""0""/>	O
<	Text
/p>	Text
<	Form
/fieldset>	Form
<	Text
p	Text
class=""result""	O
id=""radio9"">	O
<	Text
/p>	Text
<	Form
fieldset>	Form
<	Form
legend>	Form
<	O
strong>Section	O
10:	O
Physical	O
Access/Place<	O
/strong><	O
/legend>	O
<	Text
p	Text
><	O
strong>1.	O
Have	O
you	O
or	O
your	O
colleagues	O
carried	O
out	O
an	O
audit	O
to	O
evaluate	O
the	O
UniversAbility	O
of	O
your	O
facility?<	O
/strong>	O
<	Text
/p>	Text
<	Text
p	Text
>Yes	O
<	Form
input	Form
name=""Q10P1""	O
type=""radio""	O
value=""10""/>	O
No	O
<	Form
input	Form
name=""Q10P1""	O
type=""radio""	O
value=""0""/>	O
<	Text
/p>	Text
<	Text
p	Text
><	O
strong>2.	O
Does	O
your	O
facility	O
(or	O
the	O
facility	O
you	O
use)	O
consider	O
the	O
following	O
disabilites	O
when	O
evaluating	O
UniversAbility?<	O
/strong>	O
<	Text
/p>	Text
<	Table
table	Table
class=""center"">	O
<	Table
tr>	Table
<	Table
th>	Table
Disability	O
Category	O
<	Table
/th>	Table
<	Table
th>	Table
YES	O
<	Table
/th>	Table
<	Table
/tr>	Table
<	Table
tr>	Table
<	Table
td>	Table
P	Table
h	Table
ysical	O
Disabilities<	O
/td>	O
<	Table
td>	Table
<	Form
input	Form
name=""Q10P2""	O
type=""checkbox""	O
value=""10""/><	O
/td>	O
<	Table
/tr>	Table
<	Table
tr>	Table
<	Table
td>	Table
I	Table
n	Table
tellectual	O
Disabilities<	O
/td>	O
<	Table
td>	Table
<	Form
input	Form
name=""Q10P3""	O
type=""checkbox""	O
value=""10""/><	O
/td>	O
<	Table
/tr>	Table
<	Table
tr>	Table
<	Table
td>	Table
S	Table
e	Table
nsory	O
Disabilities<	O
/td>	O
<	Table
td>	Table
<	Form
input	Form
name=""Q10P4""	O
type=""checkbox""	O
value=""10""/><	O
/td>	O
<	Table
/tr>	Table
<	Table
tr>	Table
<	Table
td>	Table
M	Table
e	Table
ntal	O
Health	O
Difficulties<	O
/td>	O
<	Table
td>	Table
<	Form
input	Form
name=""Q10P5""	O
type=""checkbox""	O
value=""10""/><	O
/td>	O
<	Table
/tr>	Table
<	Table
/table>	Table
<	Form
/fieldset>	Form
<	Text
p	Text
class=""result""	O
id=""radio10"">	O
<	Text
/p>	Text
<	Form
fieldset>	Form
<	Form
legend>	Form
<	O
strong>Section	O
11:	O
Promotion<	O
/strong><	O
/legend>	O
<	Text
p	Text
><	O
strong>1.	O
Is	O
your	O
promotional	O
material	O
inclusive	O
of	O
people	O
with	O
disabilities?<	O
/strong>	O
<	Text
/p>	Text
<	Text
p	Text
>Yes	O
<	Form
input	Form
name=""Q11P1""	O
type=""radio""	O
value=""10""/>	O
No	O
<	Form
input	Form
name=""Q11P1""	O
type=""radio""	O
value=""0""/>	O
<	Text
/p>	Text
<	Text
p	Text
><	O
strong>2.	O
Have	O
you	O
or	O
your	O
colleagues/staff	O
developed	O
any	O
promotional	O
materials	O
with	O
the	O
aim	O
of	O
attracting	O
people	O
with	O
disabilities?<	O
/strong>	O
<	Text
/p>	Text
<	Text
p	Text
>Yes	O
<	Form
input	Form
name=""Q11P2""	O
type=""radio""	O
value=""10""/>	O
No	O
<	Form
input	Form
name=""Q11P2""	O
type=""radio""	O
value=""0""/>	O
<	Text
/p>	Text
<	Form
/fieldset>	Form
<	Text
p	Text
class=""result""	O
id=""radio11"">	O
<	Text
/p>	Text
<	Text
p	Text
>	O
<	Form
input	Form
onclick=""sectionOne(),	JavaScript
sectionTwo(),	JavaScript
sectionThree(),	JavaScript
sectionFour(),	JavaScript
sectionFive(),	JavaScript
sectionSix(),	JavaScript
sectionSeven(),	JavaScript
sectionEight(),	JavaScript
sectionNine(),	JavaScript
sectionTen(),	JavaScript
sectionEleven(),	JavaScript
totalScore()""	JavaScript
type=""button""	O
value=""Score""/>	O
<	Form
input	Form
class=""marg1""	O
onclick=""removeText()""	JavaScript
type=""reset""	O
value=""Reset""/>	O
<	Text
/p>	Text
<	Text
h3>	Text
Overall	O
Comment	O
on	O
your	O
organisation:	O
<	Text
/h3>	Text
<	Text
p	Text
class=""result""	O
id=""overallResults"">	O
<	Text
/p>	Text
<	Form
/form>	Form
]",2019-01-29	O
12:42:32.898087	O

